username,ranking_beauty,category,username_2
@raffinagita1717,1,['Entertainment'],raffinagita1717
@princessyahrini,2,['Singer'],princessyahrini
@laudyacynthiabella,3,"['Music of Asia', 'Singer', 'Film, Music & Books', 'Technology']",laudyacynthiabella
@gisel_la,4,"['Music of Asia', 'Singer']",gisel_la
@lunamaya,5,['Actors'],lunamaya
@natashawilona12,6,"['Fashion', 'Beauty', 'Modeling', 'Cars & Motorcycles', 'Technology', 'Film, Music & Books', 'Celebrities', 'Photography']",natashawilona12
@ashanty_ash,7,['Singer'],ashanty_ash
@chelseaoliviaa,8,"['Fashion', 'Celebrities', 'Singer']",chelseaoliviaa
@inijedar,9,['Actors'],inijedar
@agnezmo,10,"['Modeling', 'Singer', 'Entertainment']",agnezmo
@ivan_gunawan,11,[],ivan_gunawan
@sandradewi88,12,"['Modeling', 'Technology', 'Cars & Motorcycles']",sandradewi88
@bramastavrl,13,"['Lifestyle', 'Actors']",bramastavrl
@jscmila,14,"['Fashion', 'Modeling', 'Travel']",jscmila
@gadiiing,15,['TV Host'],gadiiing
@ollaramlanaufar,16,['Modeling'],ollaramlanaufar
@bclsinclair,17,"['Modeling', 'Fashion', 'Singer']",bclsinclair
@aurelie.hermansyah,18,"['Product', 'Modeling', 'Beauty']",aurelie.hermansyah
@juliaperrezz,19,"['Actors', 'Technology', 'Cars & Motorcycles', 'Photography', 'Film, Music & Books']",juliaperrezz
@dagelan,20,"['Humor', 'Photography', 'Nature & Outdoors']",dagelan
@nissa_sabyan,21,['Singer'],nissa_sabyan
@alghazali7,22,"['Lifestyle', 'DJ']",alghazali7
@attahalilintar,23,"['Producers', 'Cars & Motorcycles', 'Celebrities', 'Technology', 'Education', 'Film, Music & Books']",attahalilintar
@_irishbella_,24,['Actors'],_irishbella_
@pevpearce,25,"['Fashion', 'Actors', 'Beauty']",pevpearce
@aliandooo,26,"['Actors', 'Music', 'Singer']",aliandooo
@ridwankamil,27,['Architecture'],ridwankamil
@okisetianadewi,28,['Actors'],okisetianadewi
@cita_citata,29,"['Actors', 'Technology', 'Film, Music & Books', 'Photography', 'Travel']",cita_citata
@salshabillaadr,30,"['Actors', 'Music', 'Singer']",salshabillaadr
@maudyayunda,31,['Singer'],maudyayunda
@isdadahlia,32,"['Modeling', 'Singer', 'Photography']",isdadahlia
@glennalinskie,33,['Actors'],glennalinskie
@titi_kamall,34,"['Actors', 'Travel', 'Lifestyle', 'Celebrities', 'Fashion']",titi_kamall
@iqbaal.e,35,"['Actors', 'Film, Music & Books', 'Celebrities']",iqbaal.e
@zyxzjs,36,"['Music', 'Singer', 'Modeling']",zyxzjs
@aurakasih,37,"['Fashion', 'Singer', 'Modeling', 'Technology', 'Film, Music & Books', 'Photography', 'Architecture', 'Cars & Motorcycles']",aurakasih
@mrsayudewi,38,"['Photography', 'Travel']",mrsayudewi
@audimarissa,39,"['Actors', 'Technology', 'Film, Music & Books', 'Photography', 'Cars & Motorcycles', 'Celebrities']",audimarissa
@citraciki,40,['Actors'],citraciki
@itsrossa910,41,"['Modeling', 'Technology', 'Film, Music & Books', 'Cars & Motorcycles', 'Celebrities']",itsrossa910
@hitocaesar,42,['Lifestyle'],hitocaesar
@nianaguerrero,43,"['Music', 'Singer', 'Songwriting']",nianaguerrero
@jessica.syj,44,"['Fashion', 'Lifestyle', 'Modeling']",jessica.syj
@syifahadjureal,45,['Modeling'],syifahadjureal
@chelseaislan,46,"['Lifestyle', 'Actors']",chelseaislan
@redvelvet.smtown,47,"['Music of Asia', 'Styling', 'Fashion']",redvelvet.smtown
@ngakakkocak,48,['Entertainment'],ngakakkocak
@smtown,49,['Singer'],smtown
@cassandraslee,50,"['Business', 'Shopping', 'Beauty']",cassandraslee
@rizkyfbian,51,['Events'],rizkyfbian
@michelleziu,52,"['Business', 'Product', 'Photography', 'Technology', 'Celebrities', 'Cars & Motorcycles']",michelleziu
@dennycagur,53,['Actors'],dennycagur
@tiffanyyoungofficial,54,"['Photography', 'Fashion', 'Modeling']",tiffanyyoungofficial
@ustadzabdulsomad,55,['Religion'],ustadzabdulsomad
@claurakiehl,56,"['Fashion', 'Modeling', 'Singer']",claurakiehl
@arieltatum,57,"['Actors', 'Photography', 'Modeling', 'Cars & Motorcycles', 'Technology', 'Celebrities', 'Humor']",arieltatum
@weareone.exo,58,"['Singer', 'Band']",weareone.exo
@punpun_sutatta,59,"['Fashion', 'Modeling', 'Fitness', 'Design', 'Celebrities', 'Animals & Pets']",punpun_sutatta
@songjoongkionly,60,['Actors'],songjoongkionly
@megandomani1410,61,"['Business', 'Photography', 'Fashion']",megandomani1410
@ammarzoni,62,['Actors'],ammarzoni
@mastercorbuzier,63,['Mixed martial arts'],mastercorbuzier
@yukikt,64,['Actors'],yukikt
@therealdisastr,65,['Modeling'],therealdisastr
@febbyrastanty,66,"['Singer', 'Technology', 'Film, Music & Books', 'Photography', 'Cars & Motorcycles']",febbyrastanty
@ralineshah,67,['Actors'],ralineshah
@aniyudhoyono,68,['Politics'],aniyudhoyono
@wowfakta,69,['News&Politics'],wowfakta
@stefannwilliam,70,['Actors'],stefannwilliam
@bts_v,71,['Fan Pages'],bts_v
@annemarie,72,"['Singer', 'Music', 'Band']",annemarie
@miktambayong,73,"['Actors', 'Technology', 'Cars & Motorcycles', 'Photography']",miktambayong
@rantymaria,74,"['Actors', 'Travel', 'Photography', 'Technology', 'Cars & Motorcycles']",rantymaria
@rayanurfitrird,75,['Video Blogger'],rayanurfitrird
@shandyaulia,76,['Actors'],shandyaulia
@da2_rizki123,77,['Band'],da2_rizki123
@jessnolimit,78,['Video Blogger'],jessnolimit
@realmobilelegendsid,79,['Toys'],realmobilelegendsid
@mrssharena,80,"['Actors', 'Beauty', 'Moms']",mrssharena
@bebytsabina,81,"['Business', 'Music', 'Beauty']",bebytsabina
@aagym,82,['Speaker'],aagym
@nellakharisma,83,['Singer'],nellakharisma
@maell_lee,84,['Video Blogger'],maell_lee
@awkarin,85,"['Singer', 'Technology', 'Cars & Motorcycles', 'Film, Music & Books', 'Photography']",awkarin
@koreadispatch,86,[],koreadispatch
@donitabhubiy,87,['Moms'],donitabhubiy
@sitibadriahh,88,['Singer'],sitibadriahh
@marshanda99,89,"['Business', 'Modeling', 'Music']",marshanda99
@saaihalilintar,90,['Business'],saaihalilintar
@bt21_official,91,['Music'],bt21_official
@alfysaga,92,['Video Blogger'],alfysaga
@brisiajodie96,93,['Singer'],brisiajodie96
@genhalilintar,94,['Music'],genhalilintar
@manurios,95,"['Music', 'Singer', 'Dance']",manurios
@krisdayantilemos,96,['Singer'],krisdayantilemos
@gilangdirga,97,['Producers'],gilangdirga
@rachelvennya,98,"['Children', 'Moms', 'Technology', 'Health & Fitness', 'Food & Drink', 'Architecture', 'Celebrities']",rachelvennya
@randymartinnn,99,"['Actors', 'Music', 'Singer', 'Cars & Motorcycles', 'Celebrities', 'Humor', 'Technology', 'Film, Music & Books']",randymartinnn
@alafasy,100,['Speaker'],alafasy
@woodyandkleiny,101,['Lifestyle'],woodyandkleiny
@felixsiauw,102,['Religion'],felixsiauw
@ferdinan_sule,103,['Cars'],ferdinan_sule
@shopee_id,104,[],shopee_id
@jefrinichol,105,['Actors'],jefrinichol
@afgansyah.reza,106,['Music'],afgansyah.reza
@seanfreestyle,107,"['Soccer', 'Game', 'Photography', 'Technology', 'Celebrities', 'Humor']",seanfreestyle
@ranzkyle,108,"['Music', 'Dance', 'Choreographer']",ranzkyle
@indo_psikologi,109,['Psychology'],indo_psikologi
@arbaniyasiz,110,['Actors'],arbaniyasiz
@meme.comik.indonesia,111,['Humor'],meme.comik.indonesia
@da2_ridho,112,"['Singer', 'Celebrities', 'Technology', 'Cars & Motorcycles']",da2_ridho
@tasyakamila,113,"['Actors', 'Technology', 'Film, Music & Books', 'Celebrities']",tasyakamila
@ersyaurel,114,"['Actors', 'Travel', 'Modeling']",ersyaurel
@lalamarionmj,115,['Singer'],lalamarionmj
@persib_official,116,['Soccer'],persib_official
@anisarahma_12,117,['Actors'],anisarahma_12
@anyageraldine,118,['Singer'],anyageraldine
@meowed,119,"['Pets', 'Cats']",meowed
@basukibtp,120,['Politics'],basukibtp
@ochi24,121,"['Music', 'Photography', 'Beauty']",ochi24
@sarahvilo.id,122,['Video Blogger'],sarahvilo.id
@ryana_dea,123,"['Actors', 'Technology', 'Film, Music & Books', 'Art']",ryana_dea
@nct_dream,124,['Singer'],nct_dream
@tahilalats,125,['Entertainment'],tahilalats
@syakirdaulay,126,"['Actors', 'Celebrities', 'Cars & Motorcycles', 'Technology', 'Photography']",syakirdaulay
@mejiwoo103,127,['Fashion'],mejiwoo103
@indozone.id,128,['News&Politics'],indozone.id
@awreceh.id,129,['Humor'],awreceh.id
@dindahw,130,"['Celebrities', 'Technology', 'Film, Music & Books', 'Cars & Motorcycles']",dindahw
@wulanguritno,131,"['Modeling', 'Technology']",wulanguritno
@ellagross,132,"['Moms', 'Modeling', 'Fashion']",ellagross
@annisayudhoyono,133,"['Founder', 'Modeling', 'Celebrities']",annisayudhoyono
@bryandomani_bd_,134,['Singer'],bryandomani_bd_
@tasyafarasya,135,['Beauty'],tasyafarasya
@chand_kelvin,136,"['Actors', 'Architecture', 'Celebrities', 'Design']",chand_kelvin
@melaney_ricardo,137,['Business'],melaney_ricardo
@bank_thiti,138,['Actors'],bank_thiti
@beraniberhijrah,139,['Entertainment'],beraniberhijrah
@dalang.pelo,140,['Comics'],dalang.pelo
@teukuwisnu,141,"['Actors', 'Technology']",teukuwisnu
@muzammilhb,142,['Architecture'],muzammilhb
@indovidgram,143,['Events'],indovidgram
@vinogbastian__,144,['Actors'],vinogbastian__
@devdanendra,145,['Singer'],devdanendra
@billydavidson_,146,[],billydavidson_
@shinee,147,"['Band', 'Music']",shinee
@paula_verhoeven,148,"['Modeling', 'Fashion']",paula_verhoeven
@wannaone.official,149,['Events'],wannaone.official
@infobmkg,150,[],infobmkg
@celine_evangelista,151,['Actors'],celine_evangelista
@freefirebgid,152,[],freefirebgid
@rapyourbae,153,"['Video Blogger', 'Photography', 'Technology', 'Cars & Motorcycles']",rapyourbae
@michellejoan_,154,"['Actors', 'Technology', 'Photography']",michellejoan_
@brianimanuel,155,"['Singer', 'Music', 'Songwriting']",brianimanuel
@boywilliam17,156,['Actors'],boywilliam17
@test_psikologi,157,[],test_psikologi
@bilsky16,158,['Actors'],bilsky16
@bts.bighitofical,159,"['Art', 'Music', 'Modeling']",bts.bighitofical
@natasharizkynew,160,"['Actors', 'Photography', 'Technology', 'Film, Music & Books']",natasharizkynew
@ariirhamm,161,"['Music', 'Cars & Motorcycles', 'Technology', 'Celebrities', 'Film, Music & Books', 'Humor']",ariirhamm
@naymirdad,162,"['Actors', 'Technology', 'Celebrities']",naymirdad
@fiersabesari,163,['Singer'],fiersabesari
@dylandpros,164,['Video Blogger'],dylandpros
@marioteguh,165,"['Speaker', 'Technology', 'Film, Music & Books', 'Cars & Motorcycles', 'Celebrities']",marioteguh
@sajidahhalilintar,166,['Video Blogger'],sajidahhalilintar
@liga1match,167,['Sports'],liga1match
@m1keangelo,168,"['Singer', 'Music', 'Actors']",m1keangelo
@rahasiagadis,169,['Beauty'],rahasiagadis
@kevinjulio1993,170,['Actors'],kevinjulio1993
@syekh.alijaber,171,['Speaker'],syekh.alijaber
@riomotret,172,['Photography'],riomotret
@infia_fact,173,['News&Politics'],infia_fact
@xolovelyayana,174,['Modeling'],xolovelyayana
@ifanseventeen,175,[],ifanseventeen
@gritteagathaa,176,"['Actors', 'Cars & Motorcycles', 'Technology', 'Humor', 'Celebrities', 'Film, Music & Books']",gritteagathaa
@agusyudhoyono,177,['Politics'],agusyudhoyono
@bts.suga,178,"['Art', 'Beauty']",bts.suga
@sohwahalilintar,179,['Video Blogger'],sohwahalilintar
@rklopperr,180,"['Actors', 'Lifestyle', 'Beauty']",rklopperr
@buyayahya_albahjah,181,[],buyayahya_albahjah
@wayvofficial,182,['Modeling'],wayvofficial
@kimbrlyryder,183,"['Travel', 'Actors', 'Photography']",kimbrlyryder
@dj_kattybutterfly36,184,['Artists'],dj_kattybutterfly36
@mytrip_myadvntr,185,['TV Shows'],mytrip_myadvntr
@thariqhalilintar,186,['Video Blogger'],thariqhalilintar
@bts_._0fficial,187,"['Modeling', 'Music', 'Art']",bts_._0fficial
@fiqihwanita_,188,['Religion'],fiqihwanita_
@nanamirdad_,189,"['Product', 'Modeling', 'Actors']",nanamirdad_
@adipati,190,['Video Blogger'],adipati
@andreastaulany,191,['Actors'],andreastaulany
@amandarawles,192,['Modeling'],amandarawles
@nafaurbach,193,['Actors'],nafaurbach
@tarrabudiman,194,['Actors'],tarrabudiman
@sctv,195,['TV Channel'],sctv
@video.masak,196,['Food'],video.masak
@nysaa_thequeen,197,['Video Blogger'],nysaa_thequeen
@kartun.muslimah,198,['Entertainment'],kartun.muslimah
@tyasmirasih,199,['Actors'],tyasmirasih
@angellelga,200,['Moms'],angellelga
@sophia_latjuba88,201,"['Actors', 'Fashion', 'Modeling']",sophia_latjuba88
@evosesports,202,['Video Games'],evosesports
@dindakirana.s,203,['Actors'],dindakirana.s
@wikasalim,204,['Actors'],wikasalim
@anggaptrh,205,['Actors'],anggaptrh
@merryriana,206,"['Author', 'Film, Music & Books']",merryriana
@enzystoria,207,"['Actors', 'Celebrities']",enzystoria
@arnoldleonard05,208,"['TV Host', 'Singer']",arnoldleonard05
@tasya_ratu_gopo,209,['Singer'],tasya_ratu_gopo
@wardahbeauty,210,[],wardahbeauty
@jeromepolin,211,[],jeromepolin
@yusufmansurnew,212,['Religion'],yusufmansurnew
@tissabiani,213,['Actors'],tissabiani
@indosiar,214,['TV Channel'],indosiar
@bighit_exhibition,215,"['Photography', 'Modeling']",bighit_exhibition
@umayshahab,216,"['Actors', 'Technology', 'Photography', 'Film, Music & Books']",umayshahab
@persijajkt,217,['Soccer'],persijajkt
@catatanfilm,218,['Quotes'],catatanfilm
@indrayanigr,219,['Video Blogger'],indrayanigr
@wirda_mansur,220,"['Writers', 'Lifestyle']",wirda_mansur
@arifmuhammaddd_,221,['Comedy'],arifmuhammaddd_
@vebbypalwinta,222,"['Actors', 'Celebrities', 'Technology', 'Film, Music & Books']",vebbypalwinta
@aruanmarsha,223,"['Actors', 'Cars & Motorcycles', 'Celebrities', 'Technology', 'Humor']",aruanmarsha
@chicco.jerikho,224,['Actors'],chicco.jerikho
@angelagilsha,225,"['Actors', 'Technology', 'Film, Music & Books', 'Photography']",angelagilsha
@lucintaluna,226,['Band'],lucintaluna
@cesarazpi,227,['Soccer'],cesarazpi
@cahyaniryn,228,[],cahyaniryn
@yummy.idn,229,['Cooking'],yummy.idn
@pandorakaaki,230,"['Travel', 'Fashion', 'Lifestyle']",pandorakaaki
@lucu.abis,231,['Travel'],lucu.abis
@detikcom,232,['News&Politics'],detikcom
@gheayoubi,233,[],gheayoubi
@ariekuntung,234,['Actors'],ariekuntung
@fairuzarafiq,235,['Actors'],fairuzarafiq
@dahliachr,236,['Moms'],dahliachr
@tamarableszynskiofficial,237,['Actors'],tamarableszynskiofficial
@abqariyyahalilintar,238,['Singer'],abqariyyahalilintar
@bangijal_tv,239,['Video Blogger'],bangijal_tv
@genifaruk,240,['Entrepreneur'],genifaruk
@hanahaho,241,"['Actors', 'Technology', 'Photography', 'Film, Music & Books', 'Cars & Motorcycles']",hanahaho
@muntazhalilintar,242,['Video Blogger'],muntazhalilintar
@bastiansteel,243,"['Styling', 'Technology', 'Film, Music & Books', 'Cars & Motorcycles', 'Humor']",bastiansteel
@vickyshu,244,['Singer'],vickyshu
@auraesports,245,[],auraesports
@r3hab,246,"['Music', 'DJ', 'Producers']",r3hab
@rickycuaca,247,['Lifestyle'],rickycuaca
@sivaapriliareal,248,['Modeling'],sivaapriliareal
@wonderful_location,249,"['Travel', 'Photography', 'Adventure', 'Architecture', 'Nature & Outdoors', 'Film, Music & Books']",wonderful_location
@athallanaufal7,250,['Video Blogger'],athallanaufal7
@dinar_candy,251,['Singer'],dinar_candy
@pathdaily.story,252,['Quotes'],pathdaily.story
@hanggini,253,"['Modeling', 'Beauty', 'Singer', 'Technology', 'Film, Music & Books', 'Humor']",hanggini
@bintangemon,254,[],bintangemon
@da2_danang,255,['Singer'],da2_danang
@ipandachannel,256,['Pets'],ipandachannel
@sabyan_gambus,257,"['Music', 'Singer']",sabyan_gambus
@fero_walandouw,258,"['Actors', 'Film, Music & Books', 'Technology', 'Humor']",fero_walandouw
@tya_ariestya,259,"['Sports', 'Technology', 'Photography']",tya_ariestya
@angelalee87,260,['Video Blogger'],angelalee87
@fbyputrinc,261,[],fbyputrinc
@elelrumi,262,['Video Blogger'],elelrumi
@nasyamarcella,263,"['Actors', 'Technology', 'Humor', 'Celebrities']",nasyamarcella
@cgtn,264,"['TV Channel', 'Travel', 'Photography']",cgtn
@frandaaa87,265,"['Actors', 'Technology', 'Photography', 'Film, Music & Books']",frandaaa87
@missnyctagina,266,['Actors'],missnyctagina
@tantrisyalindri,267,"['Band', 'Technology', 'Film, Music & Books', 'Celebrities', 'Cars & Motorcycles']",tantrisyalindri
@ngakaksehat,268,['Entertainment'],ngakaksehat
@denadaindonesia,269,"['Actors', 'Technology', 'Film, Music & Books', 'Cars & Motorcycles', 'Photography']",denadaindonesia
@wendicagur,270,['Singer'],wendicagur
@radenrauf,271,[],radenrauf
@guyonankekinian,272,[],guyonankekinian
@memeragecomikindonesia,273,['Humor'],memeragecomikindonesia
@vanessaangelofficial,274,"['Actors', 'Fashion', 'Modeling', 'Lifestyle']",vanessaangelofficial
@si_nopal,275,"['Art', 'Film, Music & Books', 'Architecture', 'Design']",si_nopal
@abunsungkar,276,['Lifestyle'],abunsungkar
@azofrangga,277,"['Actors', 'Fashion', 'Lifestyle']",azofrangga
@indrabekti,278,['Actors'],indrabekti
@ayudiac,279,"['Actors', 'Technology', 'Film, Music & Books', 'Celebrities']",ayudiac
@asus,280,"['Photography', 'Travel']",asus
@jharnabhagwani,281,"['Art', 'Beauty', 'Business']",jharnabhagwani
@ariefmuhammad,282,['Writers'],ariefmuhammad
@ninazatulini22,283,['Actors'],ninazatulini22
@alwiassegaf03,284,['Cooking'],alwiassegaf03
@misellia_,285,['Sports'],misellia_
@komikin_ajah,286,"['Art', 'Film, Music & Books', 'Technology']",komikin_ajah
@thirdd,287,['Actors'],thirdd
@samuel_zylgwyn,288,['Actors'],samuel_zylgwyn
@zeezeeshahab,289,['Actors'],zeezeeshahab
@hanindhiyaatys,290,['Music'],hanindhiyaatys
@bts__jungk00k,291,"['Modeling', 'Art']",bts__jungk00k
@teejaymarquez,292,"['Celebrities', 'Technology']",teejaymarquez
@duniamanji,293,"['Technology', 'Celebrities', 'Cars & Motorcycles', 'Film, Music & Books']",duniamanji
@real_aditya1,294,['Actors'],real_aditya1
@parkbogumactor,295,"['Music', 'Producers']",parkbogumactor
@haikalhassan_quote,296,['Speaker'],haikalhassan_quote
@hypnaughty.makeup,297,[],hypnaughty.makeup
@putrititian,298,"['Actors', 'Technology']",putrititian
@eganoviantika_98,299,['Singer'],eganoviantika_98
@taqy_malik,300,['Video Blogger'],taqy_malik
@lucaggallone,301,"['Fashion', 'Modeling']",lucaggallone
@maria_vaniaa,302,"['Actors', 'Photography']",maria_vaniaa
@cemalurhan,303,['Actors'],cemalurhan
@sahilahisyam,304,['Actors'],sahilahisyam
@nadinelist,305,['Founder'],nadinelist
@sandrinamazayya,306,"['Singer', 'Music']",sandrinamazayya
@tatjanasaphira,307,['Actors'],tatjanasaphira
@heiraks,308,[],heiraks
@igpersib,309,['Soccer'],igpersib
@isminhdyh,310,[],isminhdyh
@fandych,311,['Actors'],fandych
@lazada_id,312,"['Technology', 'Film, Music & Books', 'Cars & Motorcycles']",lazada_id
@netmediatama,313,['TV Channel'],netmediatama
@jorgelorenzo99,314,['Motorcycle Racing'],jorgelorenzo99
@aurelie,315,['Lifestyle'],aurelie
@rintiksedu,316,[],rintiksedu
@nashwaaaz,317,['TV Host'],nashwaaaz
@febrihariyadi13,318,['Soccer'],febrihariyadi13
@rizkyalatas,319,"['Soccer', 'Celebrities', 'Cars & Motorcycles', 'Technology', 'Film, Music & Books']",rizkyalatas
@tausiyahcinta_,320,[],tausiyahcinta_
@khalidbasalamahofficial,321,[],khalidbasalamahofficial
@alisyakieb,322,['Actors'],alisyakieb
@anggun_cipta,323,"['Music', 'Singer', 'Songwriting']",anggun_cipta
@dimasbeck,324,['Lifestyle'],dimasbeck
@alfamart,325,['Marketing'],alfamart
@kimi.hime,326,[],kimi.hime
@roykiyoshi,327,"['Psychology', 'Fashion', 'Celebrities', 'Technology']",roykiyoshi
@salehahalilintar,328,"['Moms', 'Modeling']",salehahalilintar
@agthpricilla,329,"['Singer', 'Technology', 'Film, Music & Books', 'Cars & Motorcycles', 'Celebrities']",agthpricilla
@merryraffiahmad,330,['TV Host'],merryraffiahmad
@omeshomesh,331,['Actors'],omeshomesh
@nayyarafeezaaa,332,['Lifestyle'],nayyarafeezaaa
@indomaret,333,[],indomaret
@lulalahfah,334,"['Singer', 'Technology', 'Cars & Motorcycles', 'Film, Music & Books', 'Celebrities', 'Photography']",lulalahfah
@kaojirayu_9,335,['Actors'],kaojirayu_9
@kaesangp,336,['Video Blogger'],kaesangp
@geraldyohanes,337,['Actors'],geraldyohanes
@raynwijaya26,338,['Actors'],raynwijaya26
@cookat__,339,['Food'],cookat__
@ristytagor,340,['Actors'],ristytagor
@rafaell_16,341,[],rafaell_16
@azriel_hermansyah,342,['Food'],azriel_hermansyah
@tiktokofficialindonesia,343,['Moms'],tiktokofficialindonesia
@young_lex18,344,"['Film, Music & Books', 'Technology', 'Photography']",young_lex18
@cutsyifaa,345,['Actors'],cutsyifaa
@ernestprakasa,346,['Humor'],ernestprakasa
@ringgoagus,347,['Actors'],ringgoagus
@chandraliow,348,"['Music', 'Business', 'Photography']",chandraliow
@arafahrianti,349,['Actors'],arafahrianti
@vjdaniel,350,"['TV Host', 'Film, Music & Books']",vjdaniel
@edhozell,351,[],edhozell
@bts.0fficials,352,"['Fashion', 'Modeling']",bts.0fficials
@fatmasarizar,353,['Fashion'],fatmasarizar
@yuanitachrist,354,"['Actors', 'Technology', 'Celebrities', 'Film, Music & Books']",yuanitachrist
@cacatengker,355,['Moms'],cacatengker
@mgdalenaf,356,['Cooking'],mgdalenaf
@vanillahijab,357,[],vanillahijab
@ranzandniana,358,['Video Blogger'],ranzandniana
@officialpersebaya,359,['Soccer'],officialpersebaya
@syh55,360,['Actors'],syh55
@parkjimins.bts,361,"['Music', 'Modeling', 'Fashion']",parkjimins.bts
@boycandra,362,['Quotes'],boycandra
@petrusmahendra,363,['Video Blogger'],petrusmahendra
@itskeziakaramoy,364,['Modeling'],itskeziakaramoy
@andienaisyah,365,['Singer'],andienaisyah
@veve_zulfikar,366,['Singer'],veve_zulfikar
@ikhsan_lemon,367,['Video Games'],ikhsan_lemon
@dr.tirta,368,"['Shoes', 'Streetwear', 'Fashion']",dr.tirta
@ajengfazhh_,369,"['Business', 'Product', 'Beauty']",ajengfazhh_
@nkcthi,370,"['Writers', 'Poetry']",nkcthi
@yaswildblood,371,"['Actors', 'Celebrities', 'Technology', 'Cars & Motorcycles', 'Film, Music & Books']",yaswildblood
@jannineweigel,372,['Singer'],jannineweigel
@abouthetic,373,[],abouthetic
@kuanhung_,374,"['Modeling', 'Fashion', 'Actors']",kuanhung_
@rendyrangers,375,[],rendyrangers
@anneth.dlc,376,['Music'],anneth.dlc
@therealfatih,377,['Speaker'],therealfatih
@indirakalistha,378,['Singer'],indirakalistha
@risa_saraswati,379,['Writers'],risa_saraswati
@faktadanmitos,380,['News&Politics'],faktadanmitos
@csugiono,381,['Actors'],csugiono
@ari_lasso,382,[],ari_lasso
@kathyindera,383,"['Technology', 'Celebrities', 'Cars & Motorcycles', 'Humor', 'Photography']",kathyindera
@william.franklyn.miller,384,"['Actors', 'Modeling', 'Fashion', 'Photography', 'Film, Music & Books']",william.franklyn.miller
@meisya__siregar,385,['Actors'],meisya__siregar
@melodyprima,386,['Fashion'],melodyprima
@aldymldni,387,"['Actors', 'Cars & Motorcycles', 'Celebrities', 'Technology', 'Humor']",aldymldni
@chintyagabriella,388,['Video Blogger'],chintyagabriella
@kajianustadzadihidayat,389,['News&Politics'],kajianustadzadihidayat
@wardahmaulina_,390,['Lifestyle'],wardahmaulina_
@kemdikbud.ri,391,[],kemdikbud.ri
@nandaarsynt,392,"['Video Blogger', 'Cars & Motorcycles', 'Technology', 'Celebrities', 'Film, Music & Books', 'Humor']",nandaarsynt
@kimtaehyungs.bts,393,"['Music', 'Modeling', 'Art', 'Beauty']",kimtaehyungs.bts
@dianayulestari,394,['Speaker'],dianayulestari
@taophiangphor,395,['Actors'],taophiangphor
@bellagap,396,"['Actors', 'Cars & Motorcycles', 'Technology', 'Photography']",bellagap
@beautiful_tutorial_,397,"['Fashion', 'Lifestyle', 'Art']",beautiful_tutorial_
@qahtanhalilintar,398,['Video Blogger'],qahtanhalilintar
@renattamoeloek,399,"['Food', 'Actors']",renattamoeloek
@reisabrotoasmoro,400,"['Film, Music & Books', 'Celebrities', 'Humor']",reisabrotoasmoro
@rizkybillar,401,['Actors'],rizkybillar
@frostdiamondd,402,['Singer'],frostdiamondd
@moektito,403,['Actors'],moektito
@danillariyadi,404,"['Singer', 'Architecture', 'Film, Music & Books', 'Art', 'Photography']",danillariyadi
@pstore_jakarta,405,[],pstore_jakarta
@lagi.viral,406,['Art'],lagi.viral
@gabriellalarasati,407,['Actors'],gabriellalarasati
@dagelan_jowo,408,['Humor'],dagelan_jowo
@jenitajanet,409,['Singer'],jenitajanet
@riodewanto,410,"['Actors', 'Photography', 'Travel', 'Technology']",riodewanto
@infodunia.id,411,['News&Politics'],infodunia.id
@resepyummy,412,['Food'],resepyummy
@andreadianbimo,413,['Actors'],andreadianbimo
@mardiguwp,414,[],mardiguwp
@dwihandaanda,415,"['Fashion Design', 'Film, Music & Books', 'Technology', 'Photography']",dwihandaanda
@indonesiabertauhidofficial,416,['Religion'],indonesiabertauhidofficial
@kfcindonesia,417,[],kfcindonesia
@egymaulanavikri,418,['Soccer'],egymaulanavikri
@banununab,419,['Video Blogger'],banununab
@natta_reza,420,['Band'],natta_reza
@videolucu123,421,[],videolucu123
@mayaseptha7,422,"['Actors', 'Photography', 'Film, Music & Books', 'Technology']",mayaseptha7
@leejeonghoon,423,"['Moms', 'Film, Music & Books']",leejeonghoon
@yogaarizona,424,"['Events', 'Technology', 'Cars & Motorcycles', 'Film, Music & Books', 'Humor']",yogaarizona
@cnnindonesia,425,[],cnnindonesia
@fabulousgrosir,426,[],fabulousgrosir
@agatha_chelsea,427,['Actors'],agatha_chelsea
@kevin_sanjaya,428,['Sports'],kevin_sanjaya
@indolawak,429,['Humor'],indolawak
@makkahmadeenah,430,['Religion'],makkahmadeenah
@astridtiar127,431,['Modeling'],astridtiar127
@khadijahazzahra_makeup,432,['Wedding'],khadijahazzahra_makeup
@tulusm,433,['Band'],tulusm
@alvin_411,434,"['Travel', 'Photography', 'Nature & Outdoors', 'Architecture']",alvin_411
@sherlyannavita,435,[],sherlyannavita
@vatemat,436,['Actors'],vatemat
@sherylsheinafia,437,"['Singer', 'Music', 'Actors']",sherylsheinafia
@officialtrans7,438,['TV Channel'],officialtrans7
@uyainaarshad,439,['TV Host'],uyainaarshad
@dagnesia,440,"['Soccer', 'Actors']",dagnesia
@mrfsnjy,441,['Lifestyle'],mrfsnjy
@mayoutfit,442,[],mayoutfit
@shireeenz,443,"['Fashion', 'Beauty', 'Modeling', 'Film, Music & Books', 'Technology', 'Celebrities', 'Cars & Motorcycles']",shireeenz
@caitlinhalderman,444,"['Photography', 'Beauty', 'Actors']",caitlinhalderman
@indomusikgram,445,"['Singer', 'Music']",indomusikgram
@jcoindonesia,446,[],jcoindonesia
@jessicajane99,447,['Actors'],jessicajane99
@sahabatmuslimah,448,['Religion'],sahabatmuslimah
@elizabethangelalorenza,449,[],elizabethangelalorenza
@michaelessien,450,"['Soccer', 'Sports']",michaelessien
@apiipp,451,['Video Blogger'],apiipp
@halilintarasmid,452,['Lifestyle'],halilintarasmid
@gheaindrawari,453,"['Modeling', 'Photography']",gheaindrawari
@nussaofficial,454,[],nussaofficial
@ashrafsinclair,455,['Actors'],ashrafsinclair
@wowlaper,456,[],wowlaper
@nahdlatululama,457,[],nahdlatululama
@antv_official,458,['TV Channel'],antv_official
@farizaynn,459,['Lifestyle'],farizaynn
@dahsyat.musik,460,[],dahsyat.musik
@intan_nuraini23,461,['Actors'],intan_nuraini23
@syafiqrizabasalamah_official,462,[],syafiqrizabasalamah_official
@marissaln,463,['Moms'],marissaln
@bts.7,464,"['Art', 'Shoes', 'Painting']",bts.7
@telkomsel,465,[],telkomsel
@stephaniepoetri,466,"['Art', 'Piercing', 'Film, Music & Books']",stephaniepoetri
@adlyfayruz,467,[],adlyfayruz
@kesharatuliu05,468,['Actors'],kesharatuliu05
@duniajilbab,469,"['Religion', 'Film, Music & Books', 'Technology', 'Photography']",duniajilbab
@nadiaa_zerlinda,470,['Singer'],nadiaa_zerlinda
@tinasuppanad,471,"['Modeling', 'Actors', 'Technology', 'Photography', 'Architecture']",tinasuppanad
@nindyparasadyharsono,472,['Celebrities'],nindyparasadyharsono
@bungazainal05,473,"['Actors', 'Technology', 'Photography']",bungazainal05
@cynthia_lamusu,474,['Singer'],cynthia_lamusu
@radotvalent,475,['TV Host'],radotvalent
@info_beasiswa,476,[],info_beasiswa
@sarah.ardhelia6808,477,[],sarah.ardhelia6808
@hu_yitian,478,"['Fashion', 'Modeling']",hu_yitian
@meeeeeeeel_,479,"['Modeling', 'Technology', 'Photography', 'Celebrities']",meeeeeeeel_
@wishnutama,480,"['Film, Music & Books', 'Architecture', 'Nature & Outdoors', 'Photography']",wishnutama
@jellyjel0,481,['Modeling'],jellyjel0
@kimkurniawan,482,['Soccer'],kimkurniawan
@t_orasudi_ro,483,['Actors'],t_orasudi_ro
@official_theboyz,484,[],official_theboyz
@sarahgibson21,485,['Founder'],sarahgibson21
@giladiskonn,486,"['Food', 'Cooking']",giladiskonn
@madkucil,487,['Video Blogger'],madkucil
@kompastv,488,[],kompastv
@mediainformatif,489,[],mediainformatif
@kata2bijak,490,['Quotes'],kata2bijak
@indowarkop,491,"['Humor', 'Memes']",indowarkop
@aremafcofficial,492,['Soccer'],aremafcofficial
@starbucksindonesia,493,"['Food', 'Travel', 'Fashion']",starbucksindonesia
@sweetcatclub,494,['Travel'],sweetcatclub
@marishachacha,495,['Actors'],marishachacha
@myrubylicious,496,['Shopping'],myrubylicious
@fitaanggriani,497,"['Actors', 'Technology', 'Film, Music & Books', 'Cars & Motorcycles', 'Photography']",fitaanggriani
@vinrana,498,['Actors'],vinrana
@berbagisemangat,499,[],berbagisemangat
@lankybox,500,"['Music', 'Modeling', 'Entertainment']",lankybox
@asad.motawh,501,['Singer'],asad.motawh
@babymoonella,502,['Moms'],babymoonella
@duljaelani,503,[],duljaelani
@potonganfilm,504,['Film'],potonganfilm
@divesboutique,505,[],divesboutique
@jennifercoppenreal20,506,['Actors'],jennifercoppenreal20
@guruku_mr.d,507,['Comedy'],guruku_mr.d
@fakta.indo,508,[],fakta.indo
@1milliondance,509,[],1milliondance
@vidialdiano,510,['Singer'],vidialdiano
@andovidalopez,511,"['Comedy', 'Film, Music & Books']",andovidalopez
@farahquinnofficial,512,['Chef'],farahquinnofficial
@tail_wagging,513,['Actors'],tail_wagging
@kajianustadadihidayat.lc,514,[],kajianustadadihidayat.lc
@jeonjungkook__bts,515,['Singer'],jeonjungkook__bts
@kompascom,516,['News&Politics'],kompascom
@burgerking.id,517,"['Food', 'Cooking']",burgerking.id
@iniadzwaaurell,518,['Business'],iniadzwaaurell
@jeonjungkooks.bts,519,"['Music', 'Modeling']",jeonjungkooks.bts
@herfiza,520,['Actors'],herfiza
@sesesvana,521,[],sesesvana
@brandonsalim,522,"['Actors', 'Modeling', 'Photography', 'Technology', 'Celebrities']",brandonsalim
@syaikhassegaf,523,['Religion'],syaikhassegaf
@rans.entertainment,524,['Art'],rans.entertainment
@clairineclay,525,"['Lifestyle', 'Photography', 'Technology']",clairineclay
@kasper0524,526,"['Dance', 'Choreographer']",kasper0524
@sarawijayanto,527,['Actors'],sarawijayanto
@indraherlambang,528,['Actors'],indraherlambang
@maverick12official,529,[],maverick12official
@charleskeithofficial,530,"['Fashion', 'Styling', 'Lifestyle']",charleskeithofficial
@markosimic_77,531,"['Soccer', 'Tennis']",markosimic_77
@tastemadeindonesia,532,"['Food', 'Cooking']",tastemadeindonesia
@mcdonaldsid,533,['Food'],mcdonaldsid
@indyratnap,534,['Video Blogger'],indyratnap
@icha_kharoline,535,['Video Blogger'],icha_kharoline
@handikapratama20,536,['Soccer'],handikapratama20
@putridelinaa,537,"['Film, Music & Books', 'Technology', 'Humor', 'Celebrities', 'Cars & Motorcycles']",putridelinaa
@hijrahcinta_,538,[],hijrahcinta_
@kodepeka_,539,[],kodepeka_
@pizzahut.indonesia,540,['Travel'],pizzahut.indonesia
@ataliapr,541,['Lifestyle'],ataliapr
@yackikuka,542,"['Food', 'Cooking']",yackikuka
@hamidahrachmayanti,543,"['Moms', 'Photography', 'Film, Music & Books', 'Technology']",hamidahrachmayanti
@fakhrulllraziii,544,['Singer'],fakhrulllraziii
@bibiejulius12,545,[],bibiejulius12
@vaniaathabina24,546,['Children'],vaniaathabina24
@antontanjung,547,"['Physics', 'Business', 'Celebrities', 'Technology']",antontanjung
@ertosbeautyindonesia,548,['Beauty'],ertosbeautyindonesia
@putubahagiana,549,"['Singer', 'Music', 'Travel', 'Photography', 'Architecture', 'Nature & Outdoors']",putubahagiana
@bliblidotcom,550,['Shopping'],bliblidotcom
@renanstore,551,['Shopping'],renanstore
@hafidz_ahkam,552,"['Product', 'Photography', 'Business']",hafidz_ahkam
@makeoverid,553,"['Beauty', 'Art', 'Business']",makeoverid
@gxxod,554,"['Music', 'Entertainment', 'Singer']",gxxod
@ec24m,555,"['Photography', 'Travel', 'Fashion', 'Design', 'Celebrities']",ec24m
@teukuryz,556,['Actors'],teukuryz
@rachgoddard,557,['Video Blogger'],rachgoddard
@taeuniverse,558,[],taeuniverse
@nurasiauno,559,[],nurasiauno
@valerieethomas,560,"['Music', 'Modeling']",valerieethomas
@adorableprojects,561,"['Fashion', 'Styling']",adorableprojects
@arnoldpo,562,"['Food', 'Film, Music & Books', 'Photography']",arnoldpo
@bachtiarnasir,563,['Lifestyle'],bachtiarnasir
@jamiezhu,564,"['Humor', 'Travel', 'Photography']",jamiezhu
@timnas.indonesia,565,['Soccer'],timnas.indonesia
@cinema.21,566,[],cinema.21
@kennyauztin,567,"['Lifestyle', 'Technology', 'Film, Music & Books', 'Photography']",kennyauztin
@ifyalyssa,568,"['Singer', 'Technology', 'Cars & Motorcycles', 'Photography', 'Celebrities']",ifyalyssa
@wowjogja,569,['Travel'],wowjogja
@pammybowie,570,"['Actors', 'Celebrities', 'Technology', 'Film, Music & Books', 'Cars & Motorcycles']",pammybowie
@siviazizah,571,"['Singer', 'Technology', 'Film, Music & Books', 'Photography', 'Cars & Motorcycles']",siviazizah
@ayushita,572,['Singer'],ayushita
@haditsku,573,['Quotes'],haditsku
@babecabiita,574,[],babecabiita
@ellenmint_,575,"['Dance', 'Music', 'Choreographer']",ellenmint_
@rsn.dw,576,"['Travel', 'Photography', 'Beauty', 'Cars & Motorcycles', 'Humor']",rsn.dw
@da3_rani,577,"['Cars & Motorcycles', 'Technology', 'Photography', 'Humor', 'Celebrities']",da3_rani
@chantfelicia,578,['Actors'],chantfelicia
@goatwow,579,"['Business', 'Entrepreneur', 'Travel']",goatwow
@riantic,580,"['Modeling', 'Actors']",riantic
@ranggamoela,581,[],ranggamoela
@bebby_fey,582,[],bebby_fey
@pengamatsepakbola,583,['Soccer'],pengamatsepakbola
@bts.rm,584,"['Music', 'Modeling', 'Singer']",bts.rm
@makassar_iinfo,585,[],makassar_iinfo
@iko.uwais,586,"['Actors', 'Film, Music & Books', 'Technology']",iko.uwais
@levino_yuliantara,587,['Children'],levino_yuliantara
@habibumar_indonesia,588,[],habibumar_indonesia
@attahalilintarhabit,589,"['Business', 'Actors']",attahalilintarhabit
@gebby.vesta_,590,[],gebby.vesta_
@hanummegaa,591,"['Beauty', 'Business', 'Art']",hanummegaa
@popularmagazineid,592,['News&Politics'],popularmagazineid
@da3_muh.rafly,593,['Music'],da3_muh.rafly
@grabid,594,[],grabid
@hijup,595,[],hijup
@cottonbellshop,596,"['Fashion', 'Modeling']",cottonbellshop
@initalkshowofficial,597,[],initalkshowofficial
@mozaik_islam,598,['Religion'],mozaik_islam
@kata2cewek,599,[],kata2cewek
@nikizefanya,600,"['Music', 'Singer', 'Songwriting']",nikizefanya
@infia_techno,601,[],infia_techno
@apriljasmine85,602,[],apriljasmine85
@ruthhstefanie,603,"['Actors', 'Beauty', 'Art', 'Business']",ruthhstefanie
@andiarsyil,604,['Actors'],andiarsyil
@bola_gila,605,['News&Politics'],bola_gila
@cece_intan22,606,[],cece_intan22
@garuda.indonesia,607,"['Travel', 'Photography']",garuda.indonesia
@jessa.collection,608,"['Fashion', 'Modeling']",jessa.collection
@audyitem,609,['Singer'],audyitem
@btsjungk00kie,610,[],btsjungk00kie
@yorikooangln_,611,['Singer'],yorikooangln_
@brownis_ttv,612,[],brownis_ttv
@okidatanglagi,613,['Actors'],okidatanglagi
@sabaidieter,614,"['Lifestyle', 'Celebrities', 'Technology']",sabaidieter
@virgoun_,615,['Singer'],virgoun_
@adindathomas,616,['Actors'],adindathomas
@sophie.paris.id,617,[],sophie.paris.id
@newyear_kitiwhut,618,"['Fashion', 'Modeling', 'Film, Music & Books', 'Celebrities', 'Technology']",newyear_kitiwhut
@tccandler,619,"['Music', 'Actors', 'Singer']",tccandler
@marcelladaryanani,620,['Actors'],marcelladaryanani
@prabowomondardo,621,[],prabowomondardo
@wanitasaleha,622,[],wanitasaleha
@anjasmara,623,"['Fashion', 'Travel']",anjasmara
@aronashab,624,"['Actors', 'Photography']",aronashab
@jenniferbachdim,625,"['Fashion', 'Lifestyle']",jenniferbachdim
@joe_taslim,626,['Modeling'],joe_taslim
@riniyulianti,627,"['Actors', 'Business', 'Celebrities', 'Technology', 'Film, Music & Books']",riniyulianti
@maureendaryananii_,628,['Actors'],maureendaryananii_
@fufuvidgram,629,"['Film, Music & Books', 'Cars & Motorcycles', 'Technology']",fufuvidgram
@cyv_music,630,[],cyv_music
@oliviajensen,631,"['Actors', 'Travel']",oliviajensen
@tiarapangestika,632,['Video Blogger'],tiarapangestika
@farida.nurhan,633,[],farida.nurhan
@indrabruggman,634,['Actors'],indrabruggman
@yang.terdalam,635,['Quotes'],yang.terdalam
@fenirose,636,[],fenirose
@jakcloth,637,['Festivals'],jakcloth
@cerebrum.id,638,[],cerebrum.id
@sasshacarissa,639,['Video Blogger'],sasshacarissa
@tentangkita.idn,640,[],tentangkita.idn
@adzanabs,641,['Lifestyle'],adzanabs
@donnymichael,642,[],donnymichael
@ariwibowo_official,643,['Actors'],ariwibowo_official
@julianjacs,644,"['Actors', 'Fashion', 'Modeling', 'Lifestyle']",julianjacs
@stefanolilipaly,645,['Soccer'],stefanolilipaly
@christlaurent,646,"['Actors', 'Design', 'Art']",christlaurent
@bertrand1407,647,['Actors'],bertrand1407
@yufid.tv,648,[],yufid.tv
@diniyaan,649,['Beauty'],diniyaan
@drama.sosialmedia,650,['Photography'],drama.sosialmedia
@endeus.tv,651,"['Food', 'Cooking']",endeus.tv
@dramaojol.id,652,['Entertainment'],dramaojol.id
@abipraya28,653,[],abipraya28
@btsbang1an,654,['Fashion'],btsbang1an
@rajaparodi,655,[],rajaparodi
@jovialdalopez,656,"['Actors', 'Photography', 'Film, Music & Books', 'Technology', 'Nature & Outdoors', 'Celebrities']",jovialdalopez
@kangferrymaryadi,657,[],kangferrymaryadi
@cintakuya,658,['Video Blogger'],cintakuya
@shela_lala96,659,['Video Blogger'],shela_lala96
@aghniapunjabi,660,"['Beauty', 'Technology', 'Photography', 'Travel', 'Celebrities']",aghniapunjabi
@bikinsuka,661,"['Photography', 'Travel']",bikinsuka
@devinaureel,662,"['Comedy', 'Photography', 'Technology']",devinaureel
@guardian_id,663,[],guardian_id
@agvhelmets,664,"['Riders', 'Motorcycle Racing']",agvhelmets
@vans.indo,665,"['Skateboarding', 'Modeling']",vans.indo
@anri_okita,666,"['Bikini', 'Art', 'Modeling']",anri_okita
@indonesiatanpapacaran,667,[],indonesiatanpapacaran
@xfikri404,668,"['Photography', 'Travel', 'Nature & Outdoors', 'Technology', 'Architecture']",xfikri404
@junarorimpandeyofficial,669,"['Soccer', 'Food', 'Chef']",junarorimpandeyofficial
@felix.siauw,670,['Religion'],felix.siauw
@official.twice,671,[],official.twice
@fabymarcelia,672,[],fabymarcelia
@dylancarr8,673,['Actors'],dylancarr8
@hijabwanitacantik,674,[],hijabwanitacantik
@kemenkominfo,675,[],kemenkominfo
@armandmaulana04,676,['Singer'],armandmaulana04
@polisi_indonesia,677,"['Technology', 'Cars & Motorcycles', 'Travel']",polisi_indonesia
@syubbanulmuslimin,678,[],syubbanulmuslimin
@adiba.knza,679,['Actors'],adiba.knza
@bimopd,680,[],bimopd
@tampilcantik,681,"['Modeling', 'Beauty']",tampilcantik
@hawaariyyun,682,['Video Blogger'],hawaariyyun
@ratnagalih,683,['Actors'],ratnagalih
@dierabachir,684,"['Photography', 'Film, Music & Books', 'Nature & Outdoors']",dierabachir
@ibachdim,685,['Soccer'],ibachdim
@vincentraditya,686,[],vincentraditya
@fitriannisa3087,687,[],fitriannisa3087
@sorayarasyid12,688,['Modeling'],sorayarasyid12
@jess_amalia20,689,[],jess_amalia20
@nrazka,690,"['Lifestyle', 'Cars & Motorcycles', 'Celebrities', 'Technology', 'Humor']",nrazka
@ikea_id,691,['Travel'],ikea_id
@salshaindradjaja,692,"['Technology', 'Celebrities', 'Cars & Motorcycles', 'Humor']",salshaindradjaja
@katalogpromosi,693,"['Food', 'Restaurants', 'Cooking']",katalogpromosi
@fashion_nagitaslavina,694,[],fashion_nagitaslavina
@tempatbercakap,695,[],tempatbercakap
@pemburubeasiswa,696,[],pemburubeasiswa
@salimafillah,697,['Writers'],salimafillah
@aslisuroboyo,698,"['Film, Music & Books']",aslisuroboyo
@mukena_tazkia,699,"['Actors', 'Humor', 'Celebrities', 'Film, Music & Books', 'Technology']",mukena_tazkia
@yute_v,700,['Singer'],yute_v
@mariaselena_,701,['Modeling'],mariaselena_
@tribunnews,702,['News&Politics'],tribunnews
@generasi90an,703,"['Photography', 'Architecture', 'Technology']",generasi90an
@fanesaayu,704,['Lifestyle'],fanesaayu
@amelcarla,705,"['Actors', 'Travel', 'Photography', 'Film, Music & Books', 'Celebrities', 'Humor', 'Design', 'Art']",amelcarla
@mffashar,706,['Business'],mffashar
@marinizumarnisreal,707,[],marinizumarnisreal
@ersamayori,708,"['Actors', 'Celebrities', 'Film, Music & Books', 'Technology']",ersamayori
@kazamahusein,709,['Video Blogger'],kazamahusein
@dr.shindyputri_,710,"['Creator', 'Music', 'Business']",dr.shindyputri_
@gadgetins,711,['Video Blogger'],gadgetins
@alif.rizq,712,[],alif.rizq
@ruangguru,713,[],ruangguru
@kumparancom,714,[],kumparancom
@agorivalll,715,['Entertainment'],agorivalll
@bkngoidofficial,716,[],bkngoidofficial
@naonomnom,717,"['Actors', 'Architecture', 'Photography']",naonomnom
@glennfredly309,718,['Music'],glennfredly309
@video.islam,719,[],video.islam
@nessiejudge,720,[],nessiejudge
@ankitbathla10,721,['Actors'],ankitbathla10
@vinessainez,722,"['Actors', 'Cars & Motorcycles', 'Technology', 'Photography']",vinessainez
@darius_sinathrya,723,[],darius_sinathrya
@kevinchocs,724,"['Video Blogger', 'Film, Music & Books', 'Photography', 'Technology']",kevinchocs
@allkdrama,725,"['Actors', 'Singer', 'Modeling']",allkdrama
@alhabib.ali,726,[],alhabib.ali
@zoeabbasjackson,727,"['Art', 'Beauty', 'Fashion']",zoeabbasjackson
@gojekindonesia,728,[],gojekindonesia
@baliunitedfc,729,['Soccer'],baliunitedfc
@ibasyudhoyono,730,[],ibasyudhoyono
@onewithnatalia,731,"['Actors', 'Modeling', 'Music']",onewithnatalia
@bubahalfian,732,"['Actors', 'Art', 'Beauty', 'Modeling']",bubahalfian
@blackpinks,733,"['Art', 'Music']",blackpinks
@gitasav,734,['Video Blogger'],gitasav
@altynbekova_20,735,"['Volleyball', 'Architecture', 'Film, Music & Books', 'Art', 'Nature & Outdoors', 'Photography']",altynbekova_20
@tirtoid,736,['News&Politics'],tirtoid
@cooheart,737,[],cooheart
@idntimes.video,738,[],idntimes.video
@tania.tnyy,739,['Actors'],tania.tnyy
@maarijtravel,740,"['Travel', 'Adventure', 'Photography']",maarijtravel
@ekagustiwana,741,"['Music', 'Singer']",ekagustiwana
@made_wirawan,742,['Soccer'],made_wirawan
@hestipurwadinata,743,[],hestipurwadinata
@nayaslime18,744,[],nayaslime18
@abellyc,745,"['Beauty', 'Art', 'Business']",abellyc
@tommykurniawann,746,[],tommykurniawann
@verakebaya,747,['Photography'],verakebaya
@lokernas,748,[],lokernas
@asmanadia,749,[],asmanadia
@kementerianbumn,750,[],kementerianbumn
@mitosdunia,751,[],mitosdunia
@monaratuliu,752,"['Actors', 'Celebrities', 'Animals & Pets']",monaratuliu
@anggacandraaa,753,"['Singer', 'Music']",anggacandraaa
@xerzajullian,754,"['Celebrities', 'Technology', 'Film, Music & Books', 'Game', 'Travel', 'Food & Drink', 'Humor']",xerzajullian
@anneavantieheart,755,[],anneavantieheart
@riasukmawijaya,756,['Video Blogger'],riasukmawijaya
@claricecutie,757,['Beauty'],claricecutie
@adindaamiraa,758,"['Fashion', 'Art', 'Design', 'Hair & Beauty']",adindaamiraa
@millencyrus,759,"['Musicians', 'Film, Music & Books', 'Celebrities']",millencyrus
@alicenorin,760,[],alicenorin
@adidasindonesia,761,"['Events', 'Basketball', 'Coaching', 'Training']",adidasindonesia
@andikvermansah,762,['Soccer'],andikvermansah
@kapanlagicom,763,[],kapanlagicom
@cynthiara_alona,764,[],cynthiara_alona
@alodokter_id,765,[],alodokter_id
@jungkookieslove,766,['Modeling'],jungkookieslove
@kamuharuspintar,767,[],kamuharuspintar
@ijonkfrizzy,768,['Actors'],ijonkfrizzy
@ericko_lim,769,['Video Blogger'],ericko_lim
@bts.0ffcial,770,"['Modeling', 'Art']",bts.0ffcial
@benkasyafani,771,['Actors'],benkasyafani
@ibupedia_id,772,['News&Politics'],ibupedia_id
@mrci.id,773,"['Humor', 'Memes']",mrci.id
@annaladaina,774,"['Video Blogger', 'Technology', 'Photography', 'Film, Music & Books', 'Architecture']",annaladaina
@abidzar73,775,['Actors'],abidzar73
@cchannel_id,776,[],cchannel_id
@sheiladaisha,777,"['Actors', 'Celebrities', 'Film, Music & Books']",sheiladaisha
@medantalk,778,['Soccer'],medantalk
@sukabalapmotor,779,"['Riders', 'Motorcycle Racing']",sukabalapmotor
@piyamacx,780,[],piyamacx
@rezaldihehanussa,781,['Soccer'],rezaldihehanussa
@infomasukptn,782,['Travel'],infomasukptn
@dittopercussion,783,['Travel'],dittopercussion
@sumargodenny,784,"['Basketball', 'Technology', 'Celebrities', 'Film, Music & Books', 'Photography']",sumargodenny
@elviaputri13,785,[],elviaputri13
@mostafaatef,786,"['Music', 'Singer', 'Songwriting']",mostafaatef
@plesbol,787,['Soccer'],plesbol
@linewebtoon.id,788,[],linewebtoon.id
@infodenpasar,789,[],infodenpasar
@mayj517,790,"['Choreographer', 'Dance']",mayj517
@melodylaksani92,791,['Singer'],melodylaksani92
@jktfooddestination,792,['Food'],jktfooddestination
@inspirasikristen_,793,[],inspirasikristen_
@alessia89cestaro,794,['Actors'],alessia89cestaro
@theconnelltwin,795,['Video Blogger'],theconnelltwin
@jims_honey,796,['Shopping'],jims_honey
@sysiio,797,['Music'],sysiio
@fahrihamzah,798,[],fahrihamzah
@_demianaditya_,799,[],_demianaditya_
@geoff_max,800,['Shoes'],geoff_max
@infobandungraya,801,"['Food', 'Film, Music & Books', 'Celebrities', 'Technology']",infobandungraya
@hana__kitty,802,"['Fashion', 'Lifestyle', 'Modeling']",hana__kitty
@bts.bang1an,803,"['Art', 'Beauty', 'Business']",bts.bang1an
@infia_health,804,[],infia_health
@ekooju,805,['Video Blogger'],ekooju
@ney_neo,806,['Singer'],ney_neo
@pecinta_quran,807,"['Quotes', 'Lifestyle']",pecinta_quran
@irene_agustine,808,"['DJ', 'Producers', 'Music']",irene_agustine
@persibinfo,809,[],persibinfo
@nadyahutagalung,810,"['Modeling', 'Travel', 'Fashion']",nadyahutagalung
@wiwimungils_,811,['Motorcycle Racing'],wiwimungils_
@mike_lewis,812,['Actors'],mike_lewis
@nandishsandhu,813,"['Modeling', 'Coaching', 'Fitness']",nandishsandhu
@riamiranda,814,[],riamiranda
@cindercella,815,['Video Blogger'],cindercella
@zara_leola_official,816,"['Dance', 'Choreographer']",zara_leola_official
@aviwkila,817,"['Singer', 'Music', 'Film, Music & Books', 'Technology', 'Celebrities']",aviwkila
@ovo_id,818,['Food'],ovo_id
@sin.sr,819,"['Film, Music & Books', 'Cars & Motorcycles', 'Celebrities', 'Humor', 'Technology']",sin.sr
@indozonegame,820,[],indozonegame
@sbmptn.id,821,[],sbmptn.id
@edlnlaura,822,[],edlnlaura
@atiikazzz,823,['Actors'],atiikazzz
@actforhumanity,824,[],actforhumanity
@aaliyah.massaid,825,"['Fashion', 'Celebrities']",aaliyah.massaid
@sociolla,826,"['Beauty', 'Business', 'Art']",sociolla
@zikridaulay1,827,['Actors'],zikridaulay1
@bts.0fficail,828,[],bts.0fficail
@indozonefood,829,['Food'],indozonefood
@putriayuzulvanny,830,[],putriayuzulvanny
@komunitaspengusahamuda,831,['Music'],komunitaspengusahamuda
@randpunk,832,"['Actors', 'Film, Music & Books', 'Celebrities', 'Technology', 'Photography']",randpunk
@marsyaayuannisa,833,[],marsyaayuannisa
@helminursifah,834,['Fashion'],helminursifah
@melki.bajaj,835,['Actors'],melki.bajaj
@uniqloindonesia,836,[],uniqloindonesia
@ifurnholic,837,"['Design', 'Interior Design']",ifurnholic
@kembalihijrah,838,['Entertainment'],kembalihijrah
@alyssadaguise,839,"['Travel', 'Film, Music & Books', 'Technology', 'Celebrities']",alyssadaguise
@fannyghassani,840,"['Actors', 'Music', 'Modeling']",fannyghassani
@abang.felix,841,['News&Politics'],abang.felix
@akulaku_id,842,[],akulaku_id
@sharazaaa,843,"['Beauty', 'Fashion', 'Art', 'Photography', 'Architecture', 'Nature & Outdoors', 'Technology', 'Travel']",sharazaaa
@ertos_beautycare,844,[],ertos_beautycare
@hary.tanoesoedibjo,845,[],hary.tanoesoedibjo
@rizasyah_14,846,['Actors'],rizasyah_14
@rosameldianti_,847,[],rosameldianti_
@harbatah,848,['Video Blogger'],harbatah
@gamalalbinsaid,849,[],gamalalbinsaid
@ginameidinaa,850,"['Beauty', 'Fashion']",ginameidinaa
@explorepersib,851,['News&Politics'],explorepersib
@yudistardhana,852,"['Film, Music & Books', 'Technology']",yudistardhana
@dewigita01,853,"['Music', 'Technology']",dewigita01
@jukihoki,854,"['Art', 'DIY & Crafts', 'Design', 'Education']",jukihoki
@vanillahijabcatalog,855,['Fashion'],vanillahijabcatalog
@momojype,856,"['Moms', 'Singer']",momojype
@medinazein,857,['Celebrities'],medinazein
@syella.isk,858,[],syella.isk
@derina_derin_official,859,[],derina_derin_official
@lylla_husein26,860,[],lylla_husein26
@bagikertas,861,[],bagikertas
@converse_id,862,['Travel'],converse_id
@devamahenra,863,"['Actors', 'Design', 'Art']",devamahenra
@explorebandung,864,"['Travel', 'Photography']",explorebandung
@sinisukanthony,865,['Sports'],sinisukanthony
@jessicadavaa,866,"['Photography', 'Technology', 'Film, Music & Books', 'Nature & Outdoors']",jessicadavaa
@tintinrayner,867,"['Food', 'Cooking']",tintinrayner
@rudydansahabat,868,"['Food', 'Cooking']",rudydansahabat
@ligasuperindonesia,869,['Soccer'],ligasuperindonesia
@qorygore,870,"['Singer', 'Modeling', 'Film, Music & Books', 'Photography', 'Architecture']",qorygore
@tutorialhijab,871,[],tutorialhijab
@kristinadangdut,872,[],kristinadangdut
@hansoljang110,873,['Travel'],hansoljang110
@indahpermatas,874,"['Actors', 'Celebrities', 'Technology']",indahpermatas
@president_jancukers,875,"['Film, Music & Books']",president_jancukers
@megaiskanti,876,"['Lifestyle', 'Technology', 'Celebrities', 'Film, Music & Books']",megaiskanti
@thebodyshopindo,877,"['Business', 'Beauty']",thebodyshopindo
@skinnyfabs,878,['Video Blogger'],skinnyfabs
@jovitakaren,879,['Actors'],jovitakaren
@bangalex0,880,[],bangalex0
@habib_nabiel_almusawa,881,[],habib_nabiel_almusawa
@tengkuzulkarnain.id,882,[],tengkuzulkarnain.id
@taniaayusiregarofficial,883,['Business'],taniaayusiregarofficial
@bolalobfutsal,884,['News&Politics'],bolalobfutsal
@zonakorea,885,[],zonakorea
@kim.tae95bts,886,[],kim.tae95bts
@jfla,887,"['Singer', 'Music', 'Songwriting']",jfla
@bayusaptaji,888,"['Soccer', 'Music', 'Modeling']",bayusaptaji
@electriccarindonesia,889,"['Luxury', 'Cars', 'Business']",electriccarindonesia
@alffy_rev,890,"['Art', 'Cars & Motorcycles', 'Technology', 'Celebrities']",alffy_rev
@onthespottrans7,891,[],onthespottrans7
@bebizie,892,[],bebizie
@masaktv,893,"['Food', 'Cooking']",masaktv
@sarahayuh_,894,"['Actors', 'Art', 'Beauty', 'Business']",sarahayuh_
@adipatidolk,895,['Actors'],adipatidolk
@sherlintsu,896,['Video Blogger'],sherlintsu
@rumayshocom,897,[],rumayshocom
@infosumbar,898,"['News&Politics', 'Technology', 'Film, Music & Books', 'Photography']",infosumbar
@bhellacristy,899,['Lifestyle'],bhellacristy
@indonesiangamer,900,['Video Games'],indonesiangamer
@mountnesia,901,[],mountnesia
@nexcarlos,902,"['Food', 'Cooking']",nexcarlos
@noah_site,903,"['Music', 'Singer', 'Songwriting']",noah_site
@resep_inspirasi_debm,904,"['Food', 'Cooking']",resep_inspirasi_debm
@everwhiteid,905,"['Beauty', 'Film, Music & Books', 'Technology', 'Celebrities']",everwhiteid
@infia_showbiz,906,[],infia_showbiz
@conspiraciestheory,907,[],conspiraciestheory
@komikanu,908,[],komikanu
@4tep,909,[],4tep
@simamaungcom,910,['Soccer'],simamaungcom
@richeese_factory,911,"['Food', 'Cooking']",richeese_factory
@kacamata_vascka,912,['Shopping'],kacamata_vascka
@makanterusss,913,"['Food', 'Cooking']",makanterusss
@its3second,914,"['Cars & Motorcycles', 'Technology', 'Celebrities', 'Humor']",its3second
@wahyuhidayatt_,915,['Technology'],wahyuhidayatt_
@firahbsy,916,['Modeling'],firahbsy
@ladyfameshop,917,[],ladyfameshop
@zoyalovers,918,[],zoyalovers
@buffy_antiseptik,919,[],buffy_antiseptik
@natalie_sarahs,920,['Actors'],natalie_sarahs
@elsbeauty7,921,"['Beauty', 'Art', 'Business']",elsbeauty7
@carolchafauzer,922,[],carolchafauzer
@cindyfatikasari18,923,['Modeling'],cindyfatikasari18
@rakryanmahatmaa,924,['Video Blogger'],rakryanmahatmaa
@tanboy_kun,925,['Food'],tanboy_kun
@spoters,926,['Travel'],spoters
@galeribobotoh,927,['Soccer'],galeribobotoh
@dekoruma,928,['Interior Design'],dekoruma
@ardhitopramono,929,"['Singer', 'Music']",ardhitopramono
@khofifah.ip,930,[],khofifah.ip
@abouttng,931,[],abouttng
@duniakesehatan.co.id,932,[],duniakesehatan.co.id
@jimin.twt,933,"['Fashion', 'Modeling']",jimin.twt
@parentalk.id,934,[],parentalk.id
@kulinerbandung,935,"['Food', 'Cooking']",kulinerbandung
@fokusbro,936,[],fokusbro
@achmad16jufriyanto,937,['Soccer'],achmad16jufriyanto
@ajunperwira,938,['Actors'],ajunperwira
@recehtapisayang,939,"['Funny', 'Travel', 'Photography']",recehtapisayang
@indahnadapuspita,940,"['Celebrities', 'Fashion']",indahnadapuspita
@indozonetech,941,[],indozonetech
@carendelano,942,"['Fashion', 'Fashion Design', 'Modeling', 'Photography', 'Celebrities']",carendelano
@amrikhairudin,943,['Lifestyle'],amrikhairudin
@tvonenews,944,['News&Politics'],tvonenews
@arenafakta,945,[],arenafakta
@ketoprak_jowo,946,[],ketoprak_jowo
@minisoindo,947,"['Fashion', 'Beauty', 'Lifestyle']",minisoindo
@asusid,948,['Electronics'],asusid
@hanungbramantyo,949,[],hanungbramantyo
@freefirememe,950,[],freefirememe
@marshallsastra,951,"['Travel', 'Adventure', 'Photography']",marshallsastra
@gustafode,952,"['Food & Drink', 'Technology', 'Cooking', 'Fashion', 'Health & Fitness']",gustafode
@edrictjandra,953,"['Actors', 'Singer']",edrictjandra
@jktfoodbang,954,['Food'],jktfoodbang
@andrew.white._,955,['Travel'],andrew.white._
@kemnaker,956,[],kemnaker
@vickynit13,957,['Soccer'],vickynit13
@nathalieholscher,958,"['Singer', 'Music']",nathalieholscher
@taehyung_v,959,[],taehyung_v
@mobilelegendswtf,960,['Video Games'],mobilelegendswtf
@jihanealmira,961,['Actors'],jihanealmira
@jawaban_dokter,962,[],jawaban_dokter
@bellmirs,963,"['Video Blogger', 'Photography', 'Technology']",bellmirs
@hijabalila,964,[],hijabalila
@musikindonesia.id,965,['Events'],musikindonesia.id
@adityaspratama,966,['Author'],adityaspratama
@masayuclara,967,['Actors'],masayuclara
@meztymez,968,['Music'],meztymez
@upinipinofficial,969,"['TV Shows', 'Technology', 'Photography', 'Architecture', 'Art', 'Travel']",upinipinofficial
@natasharyder,970,"['Actors', 'Film, Music & Books', 'Technology', 'Architecture']",natasharyder
@mo_rantika,971,['Actors'],mo_rantika
@dessyeccypunon,972,['Lifestyle'],dessyeccypunon
@pena_tarim,973,[],pena_tarim
@lovestorychat,974,[],lovestorychat
@hanako_babyshopnew,975,[],hanako_babyshopnew
@indozonelife,976,[],indozonelife
@breadtalkindo,977,['Food'],breadtalkindo
@nisacookie,978,"['Soccer', 'Moms']",nisacookie
@fitriarasyidi,979,['Actors'],fitriarasyidi
@inspirasialquran,980,[],inspirasialquran
@tyarabarbiereal,981,[],tyarabarbiereal
@anisarahmaan,982,[],anisarahmaan
@ismedsofyan14,983,['Soccer'],ismedsofyan14
@sunnydahye,984,[],sunnydahye
@bae_biiiiiii,985,[],bae_biiiiiii
@mahara.id,986,[],mahara.id
@lutfialmsyh,987,['Video Blogger'],lutfialmsyh
@persib_day,988,['Soccer'],persib_day
@mytha_lestari,989,['Moms'],mytha_lestari
@rasasayange,990,"['Food', 'Cooking']",rasasayange
@rezadarmawangsa,991,['Singer'],rezadarmawangsa
@akuhelmalia,992,['Actors'],akuhelmalia
@squishyshop_ind,993,['Shopping'],squishyshop_ind
@tni_angkatan_darat,994,[],tni_angkatan_darat
@nabilazirus,995,"['Business', 'Entrepreneur', 'Entertainment', 'Technology', 'Film, Music & Books']",nabilazirus
@receh.id,996,[],receh.id
@zigzagbatamnew,997,['Shopping'],zigzagbatamnew
@bioskop,998,['Comics'],bioskop
@hijrahfest,999,[],hijrahfest
@nala_rinaldo,1000,"['Nature & Outdoors', 'Photography', 'Architecture', 'Travel']",nala_rinaldo
